from,to,direction,json_alt,chart_alt,verdict
AAKKO,AHIUD,AAKKO->AHIUD,,,unmatched
AAKKO,AHIUD,AHIUD->AAKKO,2000,,unmatched
AFFEK,LLHA,AFFEK->LLHA,2000,,unmatched
AFFEK,LLHA,LLHA->AFFEK,1500,1500,confirm
ALUMT,DESHE,ALUMT->DESHE,3500,3500,confirm
ALUMT,DESHE,DESHE->ALUMT,3000,3000,confirm
ALUMT,KOYAR,ALUMT->KOYAR,3000,3000,confirm
ALUMT,KOYAR,KOYAR->ALUMT,3500,3500,confirm
AMNON,DESHE,AMNON->DESHE,3000,,unmatched
AMNON,DESHE,DESHE->AMNON,2500,,unmatched
ANATA,HNINA,ANATA->HNINA,5000,,unmatched
ANATA,HNINA,HNINA->ANATA,4500,5000,MISMATCH
ANATA,DUMIM,ANATA->DUMIM,4500,5000,MISMATCH
ANATA,DUMIM,DUMIM->ANATA,5000,,unmatched
BAZRA,DEROR,BAZRA->DEROR,800,2000,MISMATCH
BAZRA,DEROR,DEROR->BAZRA,2000,,unmatched
BAZRA,LLHZ,BAZRA->LLHZ,1200,,unmatched
BAZRA,LLHZ,LLHZ->BAZRA,800,,unmatched
ARAVA,HAZVA,ARAVA->HAZVA,3500,3500,confirm
ARAVA,HAZVA,HAZVA->ARAVA,4000,4000,confirm
ARAVA,ZOHAR,ARAVA->ZOHAR,4000,4000,confirm
ARAVA,ZOHAR,ZOHAR->ARAVA,3500,3500,confirm
ARENA,HTZUK,ARENA->HTZUK,800,1600,ambig-double-match
ARENA,HTZUK,HTZUK->ARENA,1600,1600,confirm
ARRAD,LLMZ,ARRAD->LLMZ,4000,,unmatched
ARRAD,LLMZ,LLMZ->ARRAD,,,unmatched
ARRAD,MMORR,ARRAD->MMORR,,,unmatched
ARRAD,MMORR,MMORR->ARRAD,4000,,unmatched
ARRAD,TARAD,ARRAD->TARAD,4000,4000,confirm
ARRAD,TARAD,TARAD->ARRAD,3500,,unmatched
BASAN,HULAT,BASAN->HULAT,3000,3000,confirm
BASAN,HULAT,HULAT->BASAN,2500,2500,confirm
BKAMA,LAHAV,BKAMA->LAHAV,3000,,unmatched
BKAMA,LAHAV,LAHAV->BKAMA,3500,,unmatched
BKAMA,NOAAM,BKAMA->NOAAM,3000,3000,confirm
BKAMA,NOAAM,NOAAM->BKAMA,2500,2500,confirm
BKAMA,SOVAL,BKAMA->SOVAL,2500,,unmatched
BKAMA,SOVAL,SOVAL->BKAMA,3000,500,MISMATCH
BMNUH,YAHEL,BMNUH->YAHEL,2500,2500,confirm
BMNUH,YAHEL,YAHEL->BMNUH,3000,3000,confirm
BOKER,OVDAT,BOKER->OVDAT,3500,3500,confirm
BOKER,OVDAT,OVDAT->BOKER,4000,4000,confirm
BRORA,SAMAR,BRORA->SAMAR,3000,,unmatched
BRORA,SAMAR,SAMAR->BRORA,2500,3000,MISMATCH
CLORE,RIDNG,CLORE->RIDNG,1200,800,MISMATCH
CLORE,RIDNG,RIDNG->CLORE,800,1200,MISMATCH
DESHE,TAVOR,DESHE->TAVOR,3000,,unmatched
DESHE,TAVOR,TAVOR->DESHE,2500,,unmatched
DESHE,ZALMN,DESHE->ZALMN,3000,3000,confirm
DESHE,ZALMN,ZALMN->DESHE,2500,2500,confirm
DUMIM,SHAHR,DUMIM->SHAHR,4000,4000,confirm
DUMIM,SHAHR,SHAHR->DUMIM,3500,3500,confirm
DUMIM,YRIHO,DUMIM->YRIHO,3500,,unmatched
DUMIM,YRIHO,YRIHO->DUMIM,4000,,unmatched
EIRON,HADRA,EIRON->HADRA,3000,3000,confirm
EIRON,HADRA,HADRA->EIRON,2500,2500,confirm
EIRON,SDTYM,EIRON->SDTYM,3000,3000,confirm
EIRON,SDTYM,SDTYM->EIRON,,2500,MISMATCH
EITAN,KOYAR,EITAN->KOYAR,3500,3500,confirm
EITAN,KOYAR,KOYAR->EITAN,3000,3000,confirm
ENGDI,SHALM,ENGDI->SHALM,4000,4000,confirm
ENGDI,SHALM,SHALM->ENGDI,3500,3500,confirm
ENGDI,LLMZ,ENGDI->LLMZ,3500,3500,confirm
ENGDI,LLMZ,LLMZ->ENGDI,4000,4000,confirm
EVLYM,SEGEV,EVLYM->SEGEV,2500,,unmatched
EVLYM,SEGEV,SEGEV->EVLYM,3000,,unmatched
FAZEL,NAAMA,FAZEL->NAAMA,3500,3500,confirm
FAZEL,NAAMA,NAAMA->FAZEL,4000,4000,confirm
HADRA,FRDIS,HADRA->FRDIS,1500,1500,confirm
HADRA,FRDIS,FRDIS->HADRA,2000,2000,confirm
FRDIS,SDTYM,FRDIS->SDTYM,2000,2000,confirm
FRDIS,SDTYM,SDTYM->FRDIS,,1500,MISMATCH
GOVRN,NOAAM,GOVRN->NOAAM,2500,,unmatched
GOVRN,NOAAM,NOAAM->GOVRN,3000,,unmatched
GOVRN,ZHRYA,GOVRN->ZHRYA,3000,,unmatched
GOVRN,ZHRYA,ZHRYA->GOVRN,2500,2500,confirm
HADRA,SHARO,HADRA->SHARO,2000,1500,ambig-double-match
HADRA,SHARO,SHARO->HADRA,1500,1500,confirm
HATRU,ZOHAR,HATRU->ZOHAR,3500,,unmatched
HATRU,ZOHAR,ZOHAR->HATRU,4000,,unmatched
HAZVA,LLEY,HAZVA->LLEY,3500,3500,confirm
HAZVA,LLEY,LLEY->HAZVA,4000,4000,confirm
LLEY,ZOFAR,LLEY->ZOFAR,3500,,unmatched
LLEY,ZOFAR,ZOFAR->LLEY,4000,4000,confirm
HRGVS,RUHOT,HRGVS->RUHOT,4500,4500,confirm
HRGVS,RUHOT,RUHOT->HRGVS,4000,4000,confirm
HRGVS,ZOFAR,HRGVS->ZOFAR,3500,3500,confirm
HRGVS,ZOFAR,ZOFAR->HRGVS,4500,500,MISMATCH
HTZUK,KNTRY,HTZUK->KNTRY,800,1200,ambig-double-match
HTZUK,KNTRY,KNTRY->HTZUK,1200,1200,confirm
IKKEA,LLRS,IKKEA->LLRS,1200,,unmatched
IKKEA,LLRS,LLRS->IKKEA,800,800,confirm
KRYON,LLHA,KRYON->LLHA,2000,,unmatched
KRYON,LLHA,LLHA->KRYON,1500,1500,confirm
KTORA,YAHEL,KTORA->YAHEL,3000,,unmatched
KTORA,YAHEL,YAHEL->KTORA,2500,,unmatched
KUVSH,LLBS,KUVSH->LLBS,2000,,unmatched
KUVSH,LLBS,LLBS->KUVSH,2500,,unmatched
KUVSH,NCITY,KUVSH->NCITY,2500,,unmatched
KUVSH,NCITY,NCITY->KUVSH,3000,,unmatched
LAHAV,SOKET,LAHAV->SOKET,3000,,unmatched
LAHAV,SOKET,SOKET->LAHAV,3500,3500,confirm
LLBG,PARDS,LLBG->PARDS,1200,1200,confirm
LLBG,PARDS,PARDS->LLBG,1200,1200,confirm
LLRS,NTAIM,LLRS->NTAIM,800,,unmatched
LLRS,NTAIM,NTAIM->LLRS,1200,,unmatched
MEHOL,NTAIM,MEHOL->NTAIM,800,800,confirm
MEHOL,NTAIM,NTAIM->MEHOL,1200,,unmatched
MIHMS,SHAHR,MIHMS->SHAHR,4000,4000,confirm
MIHMS,SHAHR,SHAHR->MIHMS,3500,3500,confirm
MINGV,NASIH,MINGV->NASIH,2500,2500,confirm
MINGV,NASIH,NASIH->MINGV,3000,3000,confirm
MMORR,ZOHAR,MMORR->ZOHAR,3500,4000,MISMATCH
MMORR,ZOHAR,ZOHAR->MMORR,4000,,unmatched
MRISN,NTAIM,MRISN->NTAIM,1200,800,MISMATCH
MRISN,NTAIM,NTAIM->MRISN,1200,,unmatched
MYTAR,SOKET,MYTAR->SOKET,4000,3500,ambig-double-match
MYTAR,SOKET,SOKET->MYTAR,3500,3500,confirm
MYTAR,TARAD,MYTAR->TARAD,3500,,unmatched
MYTAR,TARAD,TARAD->MYTAR,4000,4000,confirm
NCITY,OMMER,NCITY->OMMER,3000,,unmatched
NCITY,OMMER,OMMER->NCITY,3500,3500,confirm
NCITY,ZGOAL,NCITY->ZGOAL,2500,3000,ambig-double-match
NCITY,ZGOAL,ZGOAL->NCITY,3000,3000,confirm
ZGOAL,ZLHAV,ZGOAL->ZLHAV,3500,3500,confirm
ZGOAL,ZLHAV,ZLHAV->ZGOAL,3000,3000,confirm
ZGOAL,OMMER,ZGOAL->OMMER,3000,,unmatched
ZGOAL,OMMER,OMMER->ZGOAL,3500,3500,confirm
NTAIM,SUPER,NTAIM->SUPER,1200,,unmatched
NTAIM,SUPER,SUPER->NTAIM,800,,unmatched
OLGAH,PELEG,OLGAH->PELEG,800,800,confirm
OLGAH,PELEG,PELEG->OLGAH,1500,1500,confirm
OLGAH,SDTYM,OLGAH->SDTYM,,1500,MISMATCH
OLGAH,SDTYM,SDTYM->OLGAH,800,800,confirm
OVDAT,RUHOT,OVDAT->RUHOT,4000,4000,confirm
OVDAT,RUHOT,RUHOT->OVDAT,4500,4500,confirm
PELEG,VINGT,PELEG->VINGT,800,800,confirm
PELEG,VINGT,VINGT->PELEG,1500,1500,confirm
SEGEV,ZALMN,SEGEV->ZALMN,2500,2500,confirm
SEGEV,ZALMN,ZALMN->SEGEV,3000,3000,confirm
SHALM,ZUKIM,SHALM->ZUKIM,4000,4000,confirm
SHALM,ZUKIM,ZUKIM->SHALM,3500,3500,confirm
SHRUT,YOTVT,SHRUT->YOTVT,2500,3000,MISMATCH
SHRUT,YOTVT,YOTVT->SHRUT,3000,,unmatched
SMRAT,SZION,SMRAT->SZION,1500,800,MISMATCH
SMRAT,SZION,SZION->SMRAT,2000,2000,confirm
YAVNE,ZASHD,YAVNE->ZASHD,800,,unmatched
YAVNE,ZASHD,ZASHD->YAVNE,1200,,unmatched
BRORA,EILAT,BRORA->EILAT,2500,,unmatched
BRORA,EILAT,EILAT->BRORA,3000,,unmatched
SAMAR,YOTVT,SAMAR->YOTVT,3000,,unmatched
SAMAR,YOTVT,YOTVT->SAMAR,2500,3000,MISMATCH
BEREC,BRORA,BEREC->BRORA,4000,,unmatched
BEREC,BRORA,BRORA->BEREC,4500,,unmatched
BEREC,LLOV,BEREC->LLOV,4500,4000,MISMATCH
BEREC,LLOV,LLOV->BEREC,4000,,unmatched
LLOV,SAMAR,LLOV->SAMAR,3500,500,MISMATCH
LLOV,SAMAR,SAMAR->LLOV,3000,2000,MISMATCH
LLOV,SHRUT,LLOV->SHRUT,2500,2500,confirm
LLOV,SHRUT,SHRUT->LLOV,3000,2000,MISMATCH
LLOV,SIZFN,LLOV->SIZFN,3000,,unmatched
LLOV,SIZFN,SIZFN->LLOV,2500,,unmatched
SIZFN,YAHEL,SIZFN->YAHEL,3000,3000,confirm
SIZFN,YAHEL,YAHEL->SIZFN,2500,2500,confirm
SITIM,SIZFN,SITIM->SIZFN,3000,3000,confirm
SITIM,SIZFN,SIZFN->SITIM,3500,3500,confirm
SITIM,ZZHOR,SITIM->ZZHOR,3500,3500,confirm
SITIM,ZZHOR,ZZHOR->SITIM,3000,3000,confirm
BMNUH,ZZHOR,BMNUH->ZZHOR,4000,,unmatched
BMNUH,ZZHOR,ZZHOR->BMNUH,3000,,unmatched
KTORA,YOTVT,KTORA->YOTVT,2500,,unmatched
KTORA,YOTVT,YOTVT->KTORA,3000,,unmatched
BMNUH,ZOFAR,BMNUH->ZOFAR,4000,4000,confirm
BMNUH,ZOFAR,ZOFAR->BMNUH,2500,4000,ambig-double-match
LLMZ,MMORR,LLMZ->MMORR,3500,3500,confirm
LLMZ,MMORR,MMORR->LLMZ,4000,4000,confirm
ARRAD,HATRU,ARRAD->HATRU,3500,,unmatched
ARRAD,HATRU,HATRU->ARRAD,4000,,unmatched
ARAVA,ZAFIT,ARAVA->ZAFIT,4000,,unmatched
ARAVA,ZAFIT,ZAFIT->ARAVA,3500,,unmatched
DIMON,ZAFIT,DIMON->ZAFIT,3500,,unmatched
DIMON,ZAFIT,ZAFIT->DIMON,4000,4000,confirm
DIMON,LLNV,DIMON->LLNV,4000,4000,confirm
DIMON,LLNV,LLNV->DIMON,3500,3500,confirm
ARRAD,LLNV,ARRAD->LLNV,4000,,unmatched
ARRAD,LLNV,LLNV->ARRAD,3500,,unmatched
HOVAV,LLNV,HOVAV->LLNV,3000,,unmatched
HOVAV,LLNV,LLNV->HOVAV,3500,,unmatched
HOVAV,NEGEV,HOVAV->NEGEV,3000,3000,confirm
HOVAV,NEGEV,NEGEV->HOVAV,3500,,unmatched
NEGEV,TLLIM,NEGEV->TLLIM,3500,,unmatched
NEGEV,TLLIM,TLLIM->NEGEV,4000,,unmatched
LLKZ,TLLIM,LLKZ->TLLIM,4000,,unmatched
LLKZ,TLLIM,TLLIM->LLKZ,3500,,unmatched
BOKER,TLLIM,BOKER->TLLIM,4000,4000,confirm
BOKER,TLLIM,TLLIM->BOKER,3500,3500,confirm
BOKER,YRUHM,BOKER->YRUHM,4000,,unmatched
BOKER,YRUHM,YRUHM->BOKER,3500,500,MISMATCH
DIMON,YRUHM,DIMON->YRUHM,3500,,unmatched
DIMON,YRUHM,YRUHM->DIMON,4000,,unmatched
MESAR,RUHOT,MESAR->RUHOT,4500,2000,MISMATCH
MESAR,RUHOT,RUHOT->MESAR,3500,,unmatched
MESAR,ZZHOR,MESAR->ZZHOR,3000,3000,confirm
MESAR,ZZHOR,ZZHOR->MESAR,4000,2000,MISMATCH
LLRM,OVDAT,LLRM->OVDAT,4000,4000,confirm
LLRM,OVDAT,OVDAT->LLRM,,3500,MISMATCH
BOKER,LLRM,BOKER->LLRM,3500,,unmatched
BOKER,LLRM,LLRM->BOKER,4000,,unmatched
LLRM,NIZAN,LLRM->NIZAN,3500,3500,confirm
LLRM,NIZAN,NIZAN->LLRM,3000,4000,MISMATCH
AZOOZ,NIZAN,AZOOZ->NIZAN,3000,,unmatched
AZOOZ,NIZAN,NIZAN->AZOOZ,3500,,unmatched
AZOOZ,LLKZ,AZOOZ->LLKZ,3500,,unmatched
AZOOZ,LLKZ,LLKZ->AZOOZ,3000,3000,confirm
HOLOT,LLKZ,HOLOT->LLKZ,3000,3000,confirm
HOLOT,LLKZ,LLKZ->HOLOT,3500,3500,confirm
HOLOT,SIGAL,HOLOT->SIGAL,3500,3500,confirm
HOLOT,SIGAL,SIGAL->HOLOT,3000,500,MISMATCH
SIGAL,YATED,SIGAL->YATED,3500,,unmatched
SIGAL,YATED,YATED->SIGAL,3000,,unmatched
GVULT,YATED,GVULT->YATED,2500,,unmatched
GVULT,YATED,YATED->GVULT,2000,,unmatched
AMIOZ,GVULT,AMIOZ->GVULT,2000,,unmatched
AMIOZ,GVULT,GVULT->AMIOZ,2500,,unmatched
AMIOZ,YATED,AMIOZ->YATED,2000,,unmatched
AMIOZ,YATED,YATED->AMIOZ,2500,,unmatched
AMIOZ,ZMGEN,AMIOZ->ZMGEN,2500,,unmatched
AMIOZ,ZMGEN,ZMGEN->AMIOZ,2000,,unmatched
ZMGEN,TZHOT,ZMGEN->TZHOT,2000,2000,confirm
ZMGEN,TZHOT,TZHOT->ZMGEN,2000,,unmatched
TZHOT,LLHB,TZHOT->LLHB,2000,2000,confirm
TZHOT,LLHB,LLHB->TZHOT,2000,,unmatched
LLBS,LLHB,LLBS->LLHB,2000,,unmatched
LLBS,LLHB,LLHB->LLBS,2000,,unmatched
LLHB,NASIH,LLHB->NASIH,2500,2500,confirm
LLHB,NASIH,NASIH->LLHB,3000,2500,ambig-double-match
LLHB,OFKIM,LLHB->OFKIM,2000,2000,confirm
LLHB,OFKIM,OFKIM->LLHB,1500,1500,confirm
NTVOT,OFKIM,NTVOT->OFKIM,1500,1500,confirm
NTVOT,OFKIM,OFKIM->NTVOT,2000,2000,confirm
NTVOT,SDROT,NTVOT->SDROT,2000,1500,ambig-double-match
NTVOT,SDROT,SDROT->NTVOT,1500,1500,confirm
BKAMA,NTVOT,BKAMA->NTVOT,1500,,unmatched
BKAMA,NTVOT,NTVOT->BKAMA,2000,,unmatched
NASIH,SOVAL,NASIH->SOVAL,3000,3000,confirm
NASIH,SOVAL,SOVAL->NASIH,2500,2500,confirm
LLBS,NASIH,LLBS->NASIH,3000,,unmatched
LLBS,NASIH,NASIH->LLBS,2000,2000,confirm
OHLIM,OMMER,OHLIM->OMMER,3500,,unmatched
OHLIM,OMMER,OMMER->OHLIM,3000,,unmatched
HOVAV,OHLIM,HOVAV->OHLIM,3500,,unmatched
HOVAV,OHLIM,OHLIM->HOVAV,3000,,unmatched
OMMER,SOKET,OMMER->SOKET,3500,3500,confirm
OMMER,SOKET,SOKET->OMMER,3000,3500,ambig-double-match
BKAMA,ZLHAV,BKAMA->ZLHAV,3000,,unmatched
BKAMA,ZLHAV,ZLHAV->BKAMA,3500,,unmatched
HOVAV,SOKET,HOVAV->SOKET,3500,,unmatched
HOVAV,SOKET,SOKET->HOVAV,3000,,unmatched
LLMZ,SHALM,LLMZ->SHALM,4000,4000,confirm
LLMZ,SHALM,SHALM->LLMZ,3500,3500,confirm
ALMOG,ZUKIM,ALMOG->ZUKIM,3500,3500,confirm
ALMOG,ZUKIM,ZUKIM->ALMOG,4000,4000,confirm
YRIHO,ALMOG,YRIHO->ALMOG,3500,,unmatched
YRIHO,ALMOG,ALMOG->YRIHO,4000,,unmatched
ALMOG,NAAMA,ALMOG->NAAMA,4000,4000,confirm
ALMOG,NAAMA,NAAMA->ALMOG,3500,4000,ambig-double-match
ARGMN,FAZEL,ARGMN->FAZEL,3000,3000,confirm
ARGMN,FAZEL,FAZEL->ARGMN,3500,3500,confirm
ALLON,FAZEL,ALLON->FAZEL,4000,4000,confirm
ALLON,FAZEL,FAZEL->ALLON,3500,3500,confirm
ALLON,SHAHR,ALLON->SHAHR,3500,3500,confirm
ALLON,SHAHR,SHAHR->ALLON,4000,,unmatched
ALMOG,DUMIM,ALMOG->DUMIM,4000,,unmatched
ALMOG,DUMIM,DUMIM->ALMOG,3500,,unmatched
ARGMN,TIRAT,ARGMN->TIRAT,3500,,unmatched
ARGMN,TIRAT,TIRAT->ARGMN,3000,3500,MISMATCH
KOYAR,TIRAT,KOYAR->TIRAT,3000,3500,ambig-double-match
KOYAR,TIRAT,TIRAT->KOYAR,3500,3500,confirm
ALUMT,HAROV,ALUMT->HAROV,2500,3000,ambig-double-match
ALUMT,HAROV,HAROV->ALUMT,3000,3000,confirm
HAROV,LLFK,HAROV->LLFK,2500,2500,confirm
HAROV,LLFK,LLFK->HAROV,3000,,unmatched
ALUMT,TAVOR,ALUMT->TAVOR,3000,3000,confirm
ALUMT,TAVOR,TAVOR->ALUMT,2500,2500,confirm
AMNON,LLIB,AMNON->LLIB,2500,2500,confirm
AMNON,LLIB,LLIB->AMNON,3000,3000,confirm
HULAT,LLIB,HULAT->LLIB,3000,,unmatched
HULAT,LLIB,LLIB->HULAT,2500,,unmatched
BASAN,LLKS,BASAN->LLKS,2500,,unmatched
BASAN,LLKS,LLKS->BASAN,3000,,unmatched
MOVIL,ZALMN,MOVIL->ZALMN,2500,,unmatched
MOVIL,ZALMN,ZALMN->MOVIL,3000,,unmatched
HASID,MOVIL,HASID->MOVIL,2500,2500,confirm
HASID,MOVIL,MOVIL->HASID,3000,3000,confirm
EVLYM,GILAM,EVLYM->GILAM,3000,,unmatched
EVLYM,GILAM,GILAM->EVLYM,1500,1500,confirm
AHIUD,EVLYM,AHIUD->EVLYM,2000,2000,confirm
AHIUD,EVLYM,EVLYM->AHIUD,1500,500,MISMATCH
EVLYM,HASID,EVLYM->HASID,3000,3000,confirm
EVLYM,HASID,HASID->EVLYM,2500,,unmatched
HASID,LLHA,HASID->LLHA,2500,2500,confirm
HASID,LLHA,LLHA->HASID,1500,500,MISMATCH
DUGIT,LLHA,DUGIT->LLHA,2000,1500,ambig-double-match
DUGIT,LLHA,LLHA->DUGIT,1500,1500,confirm
AAKKO,DUGIT,AAKKO->DUGIT,2000,1500,ambig-double-match
AAKKO,DUGIT,DUGIT->AAKKO,1500,1500,confirm
AAKKO,SMRAT,AAKKO->SMRAT,1500,800,MISMATCH
AAKKO,SMRAT,SMRAT->AAKKO,2000,2000,confirm
GALIM,LLHA,GALIM->LLHA,1500,,unmatched
GALIM,LLHA,LLHA->GALIM,2000,,unmatched
DAROM,GALIM,DAROM->GALIM,1500,,unmatched
DAROM,GALIM,GALIM->DAROM,2000,,unmatched
DAROM,HOTRM,DAROM->HOTRM,2000,2000,confirm
DAROM,HOTRM,HOTRM->DAROM,1500,1000,MISMATCH
BOREN,HOTRM,BOREN->HOTRM,1500,,unmatched
BOREN,HOTRM,HOTRM->BOREN,2000,,unmatched
BOREN,FRDIS,BOREN->FRDIS,2000,2000,confirm
BOREN,FRDIS,FRDIS->BOREN,1500,,unmatched
FRDIS,HASID,FRDIS->HASID,2500,,unmatched
FRDIS,HASID,HASID->FRDIS,3000,3000,confirm
LLRD,MOVIL,LLRD->MOVIL,2500,,unmatched
LLRD,MOVIL,MOVIL->LLRD,3000,,unmatched
LLRD,ZOREA,LLRD->ZOREA,2000,,unmatched
LLRD,ZOREA,ZOREA->LLRD,,,unmatched
EMMEK,LLRD,EMMEK->LLRD,1500,,unmatched
EMMEK,LLRD,LLRD->EMMEK,,2500,MISMATCH
DALIA,EMMEK,DALIA->EMMEK,1500,,unmatched
DALIA,EMMEK,EMMEK->DALIA,,,unmatched
DALIA,HADRA,DALIA->HADRA,2000,,unmatched
DALIA,HADRA,HADRA->DALIA,1500,,unmatched
HASID,LLRD,HASID->LLRD,1500,,unmatched
HASID,LLRD,LLRD->HASID,2500,,unmatched
DALIA,ZOREA,DALIA->ZOREA,,,unmatched
DALIA,ZOREA,ZOREA->DALIA,2000,,unmatched
LLRD,ZMGID,LLRD->ZMGID,3000,3000,confirm
LLRD,ZMGID,ZMGID->LLRD,,2500,MISMATCH
AFULA,TAVOR,AFULA->TAVOR,2500,,unmatched
AFULA,TAVOR,TAVOR->AFULA,3000,,unmatched
AFULA,ZMGID,AFULA->ZMGID,3000,,unmatched
AFULA,ZMGID,ZMGID->AFULA,2500,,unmatched
EIRON,ZMGID,EIRON->ZMGID,2500,,unmatched
EIRON,ZMGID,ZMGID->EIRON,3000,,unmatched
HADRA,OLGAH,HADRA->OLGAH,,,unmatched
HADRA,OLGAH,OLGAH->HADRA,1500,,unmatched
DEROR,SHARO,DEROR->SHARO,1500,2000,MISMATCH
DEROR,SHARO,SHARO->DEROR,2000,,unmatched
SHARO,ZYAAR,SHARO->ZYAAR,1500,500,MISMATCH
SHARO,ZYAAR,ZYAAR->SHARO,2000,1500,MISMATCH
ZYAAR,HADRA,ZYAAR->HADRA,1500,1500,confirm
ZYAAR,HADRA,HADRA->ZYAAR,2000,1500,ambig-double-match
SFAIM,VINGT,SFAIM->VINGT,1600,1500,MISMATCH
SFAIM,VINGT,VINGT->SFAIM,800,1600,MISMATCH
LLHZ,SFAIM,LLHZ->SFAIM,1200,,unmatched
LLHZ,SFAIM,SFAIM->LLHZ,,,unmatched
APOLN,SFAIM,APOLN->SFAIM,1600,1600,confirm
APOLN,SFAIM,SFAIM->APOLN,800,1600,ambig-double-match
GNYAM,LLHZ,GNYAM->LLHZ,1200,,unmatched
GNYAM,LLHZ,LLHZ->GNYAM,1200,1200,confirm
KNTRY,LLHZ,KNTRY->LLHZ,1200,800,MISMATCH
KNTRY,LLHZ,LLHZ->KNTRY,,1600,MISMATCH
GNYAM,PARDS,GNYAM->PARDS,1200,,unmatched
GNYAM,PARDS,PARDS->GNYAM,1200,,unmatched
APOLN,ARENA,APOLN->ARENA,800,1600,ambig-double-match
APOLN,ARENA,ARENA->APOLN,1600,1600,confirm
HTZUK,RIDNG,HTZUK->RIDNG,800,,unmatched
HTZUK,RIDNG,RIDNG->HTZUK,1200,800,MISMATCH
CLORE,TYONA,CLORE->TYONA,800,800,confirm
CLORE,TYONA,TYONA->CLORE,1200,800,ambig-double-match
SUPER,TYONA,SUPER->TYONA,1200,,unmatched
SUPER,TYONA,TYONA->SUPER,800,800,confirm
LLBG,MRISN,LLBG->MRISN,1200,,unmatched
LLBG,MRISN,MRISN->LLBG,1200,,unmatched
LLBG,NSHRM,LLBG->NSHRM,1200,1200,confirm
LLBG,NSHRM,NSHRM->LLBG,2000,2000,confirm
AYLON,LLBG,AYLON->LLBG,300,2000,MISMATCH
AYLON,LLBG,LLBG->AYLON,2500,2500,confirm
NTAIM,SIRNI,NTAIM->SIRNI,800,800,confirm
NTAIM,SIRNI,SIRNI->NTAIM,1200,,unmatched
NSHRM,SIRNI,NSHRM->SIRNI,1200,,unmatched
NSHRM,SIRNI,SIRNI->NSHRM,800,800,confirm
AYLON,NSHRM,AYLON->NSHRM,1200,,unmatched
AYLON,NSHRM,NSHRM->AYLON,800,,unmatched
AYLON,LTRUN,AYLON->LTRUN,1200,,unmatched
AYLON,LTRUN,LTRUN->AYLON,1600,,unmatched
LTRUN,SHARG,LTRUN->SHARG,1800,,unmatched
LTRUN,SHARG,SHARG->LTRUN,2300,,unmatched
SHARG,SORES,SHARG->SORES,2800,,unmatched
SHARG,SORES,SORES->SHARG,3300,,unmatched
HAREL,SORES,HAREL->SORES,5000,5000,confirm
HAREL,SORES,SORES->HAREL,4500,4500,confirm
HAREL,HNINA,HAREL->HNINA,4500,,unmatched
HAREL,HNINA,HNINA->HAREL,5000,,unmatched
DUMIM,HNINA,DUMIM->HNINA,5000,,unmatched
DUMIM,HNINA,HNINA->DUMIM,4500,5000,MISMATCH
ESTOL,SORES,ESTOL->SORES,4000,,unmatched
ESTOL,SORES,SORES->ESTOL,3500,,unmatched
ESTOL,LTRUN,ESTOL->LTRUN,2200,2200,confirm
ESTOL,LTRUN,LTRUN->ESTOL,1200,,unmatched
BSEMS,LTRUN,BSEMS->LTRUN,3000,3000,confirm
BSEMS,LTRUN,LTRUN->BSEMS,2500,2500,confirm
BSEMS,ESTOL,BSEMS->ESTOL,4000,,unmatched
BSEMS,ESTOL,ESTOL->BSEMS,3500,,unmatched
BSEMS,NCSHN,BSEMS->NCSHN,3500,,unmatched
BSEMS,NCSHN,NCSHN->BSEMS,4000,,unmatched
NCSHN,NSHRM,NCSHN->NSHRM,1600,2000,MISMATCH
NCSHN,NSHRM,NSHRM->NCSHN,800,,unmatched
AYLON,LLEK,AYLON->LLEK,2000,,unmatched
AYLON,LLEK,LLEK->AYLON,1500,,unmatched
LLEK,NSHRM,LLEK->NSHRM,2000,,unmatched
LLEK,NSHRM,NSHRM->LLEK,1500,1600,MISMATCH
LLEK,NTAIM,LLEK->NTAIM,,,unmatched
LLEK,NTAIM,NTAIM->LLEK,800,,unmatched
LLEK,NAGID,LLEK->NAGID,1200,,unmatched
LLEK,NAGID,NAGID->LLEK,,,unmatched
KANOT,LLEK,KANOT->LLEK,2000,,unmatched
KANOT,LLEK,LLEK->KANOT,1500,,unmatched
LLEK,NAHEM,LLEK->NAHEM,1500,1500,confirm
LLEK,NAHEM,NAHEM->LLEK,2000,,unmatched
KANOT,LLHS,KANOT->LLHS,1500,2000,MISMATCH
KANOT,LLHS,LLHS->KANOT,2000,,unmatched
NAHEM,NAHLA,NAHEM->NAHLA,2500,2500,confirm
NAHEM,NAHLA,NAHLA->NAHEM,3000,3000,confirm
NAHLA,NOAAM,NAHLA->NOAAM,2500,2500,confirm
NAHLA,NOAAM,NOAAM->NAHLA,3000,,unmatched
BEZRA,LLHS,BEZRA->LLHS,2000,,unmatched
BEZRA,LLHS,LLHS->BEZRA,1500,,unmatched
LLHS,ZASHD,LLHS->ZASHD,1200,,unmatched
LLHS,ZASHD,ZASHD->LLHS,,1200,MISMATCH
BEZRA,ZASHD,BEZRA->ZASHD,800,1200,MISMATCH
BEZRA,ZASHD,ZASHD->BEZRA,1200,,unmatched
BEZRA,ZDAFA,BEZRA->ZDAFA,1600,,unmatched
BEZRA,ZDAFA,ZDAFA->BEZRA,2000,1500,MISMATCH
LLPL,NAGID,LLPL->NAGID,800,800,confirm
LLPL,NAGID,NAGID->LLPL,,,unmatched
LLPL,NTAIM,LLPL->NTAIM,,,unmatched
LLPL,NTAIM,NTAIM->LLPL,800,,unmatched
AAKKO,KRYON,AAKKO->KRYON,2000,1500,MISMATCH
AAKKO,KRYON,KRYON->AAKKO,1500,2000,MISMATCH
GILAM,LLHA,GILAM->LLHA,3000,,unmatched
GILAM,LLHA,LLHA->GILAM,1500,1500,confirm
BSEMS,ZHRYA,BSEMS->ZHRYA,2500,2500,confirm
BSEMS,ZHRYA,ZHRYA->BSEMS,3000,,unmatched
BHAIL,BKAMA,BHAIL->BKAMA,2500,2000,MISMATCH
BHAIL,BKAMA,BKAMA->BHAIL,3000,,unmatched
BHAIL,GVARM,BHAIL->GVARM,2000,,unmatched
BHAIL,GVARM,GVARM->BHAIL,1500,2000,MISMATCH
GVARM,NTVOT,GVARM->NTVOT,1500,1500,confirm
GVARM,NTVOT,NTVOT->GVARM,2000,2000,confirm
ASKLN,GVARM,ASKLN->GVARM,1500,800,MISMATCH
ASKLN,GVARM,GVARM->ASKLN,2000,,unmatched
ASKLN,NITZA,ASKLN->NITZA,1200,,unmatched
ASKLN,NITZA,NITZA->ASKLN,800,,unmatched
NITZA,ZDAFA,NITZA->ZDAFA,800,,unmatched
NITZA,ZDAFA,ZDAFA->NITZA,1200,,unmatched
PARDS,ROKCH,PARDS->ROKCH,1200,1200,confirm
PARDS,ROKCH,ROKCH->PARDS,1200,1200,confirm
RIDNG,ROKCH,RIDNG->ROKCH,1200,1200,confirm
RIDNG,ROKCH,ROKCH->RIDNG,1200,1200,confirm
BOVED,NTAIM,BOVED->NTAIM,1200,1200,confirm
BOVED,NTAIM,NTAIM->BOVED,800,800,confirm
BOVED,NAGID,BOVED->NAGID,800,800,confirm
BOVED,NAGID,NAGID->BOVED,1200,1200,confirm
NAGID,YAVNE,NAGID->YAVNE,800,,unmatched
NAGID,YAVNE,YAVNE->NAGID,1200,1200,confirm
NMASD,ZASHD,NMASD->ZASHD,1200,,unmatched
NMASD,ZASHD,ZASHD->NMASD,800,800,confirm
NMASD,TYONA,NMASD->TYONA,1200,,unmatched
NMASD,TYONA,TYONA->NMASD,800,800,confirm
NMASD,ZDAFA,NMASD->ZDAFA,800,,unmatched
NMASD,ZDAFA,ZDAFA->NMASD,1200,,unmatched
NMASD,NITZA,NMASD->NITZA,800,,unmatched
NMASD,NITZA,NITZA->NMASD,1200,,unmatched
PELEG,SAHAR,PELEG->SAHAR,500,500,confirm
PELEG,SAHAR,SAHAR->PELEG,1000,,unmatched
SAHAR,YASFA,SAHAR->YASFA,500,,unmatched
SAHAR,YASFA,YASFA->SAHAR,1000,,unmatched
YAHOL,YASFA,YAHOL->YASFA,1000,,unmatched
YAHOL,YASFA,YASFA->YAHOL,500,,unmatched
LIAAD,YASFA,LIAAD->YASFA,2000,1500,MISMATCH
LIAAD,YASFA,YASFA->LIAAD,1500,2500,MISMATCH
DEENA,RIDNG,DEENA->RIDNG,1200,,unmatched
DEENA,RIDNG,RIDNG->DEENA,800,800,confirm
LIAAD,OSNAT,LIAAD->OSNAT,1000,1000,confirm
LIAAD,OSNAT,OSNAT->LIAAD,1500,1500,confirm
YAHOL,YAPAL,YAHOL->YAPAL,500,500,confirm
YAHOL,YAPAL,YAPAL->YAHOL,1000,1000,confirm
YAPAL,YASDD,YAPAL->YASDD,500,500,confirm
YAPAL,YASDD,YASDD->YAPAL,1000,1000,confirm
ASKLN,YASDD,ASKLN->YASDD,1000,,unmatched
ASKLN,YASDD,YASDD->ASKLN,500,500,confirm
OSNAT,ZDAFA,OSNAT->ZDAFA,2000,800,MISMATCH
OSNAT,ZDAFA,ZDAFA->OSNAT,1600,,unmatched
NITZA,OSNAT,NITZA->OSNAT,2000,2000,confirm
NITZA,OSNAT,OSNAT->NITZA,1500,500,MISMATCH
ASKLN,OSNAT,ASKLN->OSNAT,2000,1500,ambig-double-match
ASKLN,OSNAT,OSNAT->ASKLN,1500,1500,confirm
DEENA,LIAAD,DEENA->LIAAD,800,800,confirm
DEENA,LIAAD,LIAAD->DEENA,1200,,unmatched
GVARM,SDROT,GVARM->SDROT,1500,1500,confirm
GVARM,SDROT,SDROT->GVARM,2000,1500,ambig-double-match
AFULA,LLMG,AFULA->LLMG,1500,,unmatched
AFULA,LLMG,LLMG->AFULA,1000,,unmatched
HOTRM,LLBO,HOTRM->LLBO,1500,1500,confirm
HOTRM,LLBO,LLBO->HOTRM,1000,1000,confirm
FRDIS,LLBO,FRDIS->LLBO,0,,unmatched
FRDIS,LLBO,LLBO->FRDIS,0,,unmatched
NOAAM,REVAH,NOAAM->REVAH,3000,2000,MISMATCH
NOAAM,REVAH,REVAH->NOAAM,2500,500,MISMATCH
HODYA,REVAH,HODYA->REVAH,1500,,unmatched
HODYA,REVAH,REVAH->HODYA,2000,,unmatched
HODYA,NITZA,HODYA->NITZA,2000,,unmatched
HODYA,NITZA,NITZA->HODYA,1500,2000,MISMATCH
SFAIM,HTZUK,SFAIM->HTZUK,800,1600,ambig-double-match
SFAIM,HTZUK,HTZUK->SFAIM,1600,1600,confirm
SFAIM,RIDNG,SFAIM->RIDNG,800,1600,MISMATCH
SFAIM,RIDNG,RIDNG->SFAIM,1600,800,MISMATCH
SOVAL,MINGV,SOVAL->MINGV,2500,2500,confirm
SOVAL,MINGV,MINGV->SOVAL,3000,500,MISMATCH
TYONA,NTAIM,TYONA->NTAIM,800,800,confirm
TYONA,NTAIM,NTAIM->TYONA,1200,,unmatched
